<?xml version="1.0" encoding="UTF-8"?>
<jcr:root xmlns:sling="http://sling.apache.org/jcr/sling/1.0" xmlns:cq="http://www.day.com/jcr/cq/1.0" xmlns:jcr="http://www.jcp.org/jcr/1.0" xmlns:nt="http://www.jcp.org/jcr/nt/1.0"
    jcr:primaryType="cq:Page">
    <jcr:content
        cq:lastModified="{Date}2019-09-19T14:58:56.073-04:00"
        cq:lastModifiedBy="admin"
        cq:styleIds="[1568409040878]"
        cq:template="/conf/we-train/settings/wcm/templates/content-page"
        jcr:primaryType="cq:PageContent"
        jcr:title="English"
        sling:resourceType="training/components/structure/page">
        <root
            jcr:primaryType="nt:unstructured"
            sling:resourceType="wcm/foundation/components/responsivegrid">
            <responsivegrid
                jcr:created="{Date}2019-06-18T16:52:09.218-04:00"
                jcr:createdBy="admin"
                jcr:lastModified="{Date}2019-06-28T10:30:41.986-04:00"
                jcr:lastModifiedBy="admin"
                jcr:primaryType="nt:unstructured"
                sling:resourceType="wcm/foundation/components/responsivegrid">
                <hero
                    jcr:created="{Date}2019-09-19T14:58:14.422-04:00"
                    jcr:createdBy="admin"
                    jcr:lastModified="{Date}2019-09-19T14:58:56.071-04:00"
                    jcr:lastModifiedBy="admin"
                    jcr:primaryType="nt:unstructured"
                    sling:resourceType="training/components/content/hero"
                    buttonLabel="Learn More"
                    buttonLinkTo="#"
                    fileReference="/content/dam/we-train/placeholder-image.png"/>
            </responsivegrid>
            <responsivegrid_1763229708 jcr:primaryType="nt:unstructured">
                <responsivegrid
                    jcr:primaryType="nt:unstructured"
                    sling:resourceType="wcm/foundation/components/responsivegrid"/>
            </responsivegrid_1763229708>
        </root>
        <image jcr:primaryType="nt:unstructured">
            <file/>
        </image>
    </jcr:content>
    <about-us/>
    <experiences/>
    <activities/>
    <equipment/>
    <core-components/>
</jcr:root>
