<settings xmlns="http://maven.apache.org/SETTINGS/1.0.0"
  xmlns:xsi="http://www.w3.org/2001/XMLSchema-instance"
  xsi:schemaLocation="http://maven.apache.org/SETTINGS/1.0.0
                      https://maven.apache.org/xsd/settings-1.0.0.xsd">
  
  <profiles>
        
        <!-- ====================================================== -->
		<!-- A R C H E T Y P E P R O F I L E -->
		<!-- ====================================================== -->
		<profile>
 		   <id>archetype</id>
 
 		   <activation>
  		      <activeByDefault>true</activeByDefault>
		    </activation>
 
 		   <properties>
 
 		       <releaseRepository-Id>adobe-public-releases</releaseRepository-Id>
		        <releaseRepository-Name>Adobe Public
       		     Releases</releaseRepository-Name>
 	
    		    <releaseRepository-URL>http://repo.adobe.com/nexus/content/groups/public</releaseRepository-URL>
		    </properties>
 
		    <repositories>
        		<repository>
            		<id>adobe-public-releases</id>
            		<name>Adobe Basel Public Repository</name>
		            <url>http://repo.adobe.com/nexus/content/groups/public</url>
        		    <releases>
                		<enabled>true</enabled>
		                <updatePolicy>never</updatePolicy>
        		    </releases>
		            <snapshots>
        		        <enabled>false</enabled>
            		</snapshots>
		        </repository>
		    </repositories>
 
 		   <pluginRepositories>
		        <pluginRepository>
		            <id>adobe-public-releases</id>
		            <name>Adobe Basel Public Repository</name>
		            <url>http://repo.adobe.com/nexus/content/groups/public</url>
		            <releases>
		                <enabled>true</enabled>
		                <updatePolicy>never</updatePolicy>
		            </releases>
		            <snapshots>
		                <enabled>false</enabled>
		            </snapshots>
		        </pluginRepository>
		    </pluginRepositories>
		</profile>
		  
  </profiles>
  
</settings>